{"count":1,"self":274.75601919999997,"total":508.02956359999996,"children":{"InitializeActuators":{"count":10,"self":0.0030047999999999997,"total":0.0030047999999999997,"children":null},"InitializeSensors":{"count":10,"self":0.0040554,"total":0.0040554,"children":null},"AgentSendState":{"count":71701,"self":28.808982399999998,"total":35.3173093,"children":{"CollectObservations":{"count":143410,"self":0.078091,"total":0.078091,"children":null},"WriteActionMask":{"count":143410,"self":0.081700399999999992,"total":0.081700399999999992,"children":null},"RequestDecision":{"count":143410,"self":0.3121461,"total":6.3485363999999995,"children":{"AgentInfo.ToProto":{"count":143410,"self":0.22644029999999998,"total":6.0363903,"children":{"GenerateSensorData":{"count":143410,"self":3.004276,"total":5.80995,"children":{"RayPerceptionSensor.Perceive":{"count":143410,"self":2.805674,"total":2.8056739,"children":null}}}}}}}}},"DecideAction":{"count":71701,"self":195.34047999999999,"total":195.3404857,"children":null},"AgentAct":{"count":71701,"self":2.59867,"total":2.59867,"children":null},"AgentInfo.ToProto":{"count":130,"self":0,"total":0.010011299999999999,"children":{"GenerateSensorData":{"count":130,"self":0.0080106,"total":0.010011299999999999,"children":{"RayPerceptionSensor.Perceive":{"count":130,"self":0.0020007,"total":0.0020007,"children":null}}}}}},"gauges":{"HorseAgent.CumulativeReward":{"count":130,"max":2.10000014,"min":-5.400009,"runningAverage":1.34230089,"value":1.9999882,"weightedAverage":1.9151926}},"metadata":{"timer_format_version":"0.1.0","start_time_seconds":"1716186114","unity_version":"2022.3.20f1","command_line_arguments":"C:\\Program Files\\Unity\\Hub\\Editor\\2022.3.20f1\\Editor\\Unity.exe -projectpath C:\\Users\\parkb\\Documents\\GitHub\\UMARace -useHub -hubIPC -cloudEnvironment production","communication_protocol_version":"1.5.0","com.unity.ml-agents_version":"2.3.0-exp.3","scene_name":"SampleScene","end_time_seconds":"1716186622"}}