{"count":1,"self":533.96239359999993,"total":920.2357281,"children":{"InitializeActuators":{"count":10,"self":0.0020001999999999997,"total":0.0020001999999999997,"children":null},"InitializeSensors":{"count":10,"self":0.0010000999999999999,"total":0.0010000999999999999,"children":null},"AgentSendState":{"count":135634,"self":56.250816,"total":66.69232199999999,"children":{"CollectObservations":{"count":271270,"self":0.10323149999999999,"total":0.10323149999999999,"children":null},"WriteActionMask":{"count":271270,"self":0.1182742,"total":0.1182742,"children":null},"RequestDecision":{"count":271270,"self":0.49283289999999996,"total":10.219999099999999,"children":{"AgentInfo.ToProto":{"count":271270,"self":0.44530559999999997,"total":9.7271662,"children":{"GenerateSensorData":{"count":271270,"self":4.5223848,"total":9.2818606,"children":{"RayPerceptionSensor.Perceive":{"count":271270,"self":4.7594759999999994,"total":4.7594759999999994,"children":null}}}}}}}}},"DecideAction":{"count":135634,"self":314.612096,"total":314.61210489999996,"children":null},"AgentAct":{"count":135634,"self":4.9619056,"total":4.9659211,"children":{"AgentInfo.ToProto":{"count":80,"self":0,"total":0.0040154,"children":{"GenerateSensorData":{"count":80,"self":0.0010328,"total":0.0040154,"children":{"RayPerceptionSensor.Perceive":{"count":80,"self":0.0029825999999999997,"total":0.0029825999999999997,"children":null}}}}}}},"AgentInfo.ToProto":{"count":10,"self":0,"total":0,"children":{"GenerateSensorData":{"count":10,"self":0,"total":0,"children":{"RayPerceptionSensor.Perceive":{"count":10,"self":0,"total":0,"children":null}}}}}},"gauges":{"HorseAgent.CumulativeReward":{"count":90,"max":1.0999887,"min":-100.900009,"runningAverage":-26.2233734,"value":-2.30015445,"weightedAverage":-4.634258}},"metadata":{"timer_format_version":"0.1.0","start_time_seconds":"1716193828","unity_version":"2022.3.20f1","command_line_arguments":"C:\\Program Files\\Unity\\Hub\\Editor\\2022.3.20f1\\Editor\\Unity.exe -projectpath C:\\Users\\parkb\\Documents\\GitHub\\UMARace -useHub -hubIPC -cloudEnvironment production","communication_protocol_version":"1.5.0","com.unity.ml-agents_version":"2.3.0-exp.3","scene_name":"SampleScene","end_time_seconds":"1716194748"}}